{"cameraMode":{"drawMode":0,"name":"Shaded","section":"Shading Mode"},"sceneLighting":true,"audioPlay":false,"sceneViewState":{"showFog":true,"showMaterialUpdate":false,"showSkybox":true,"showFlares":true,"showImageEffects":true,"showParticleSystems":true},"in2DMode":false,"pivot":{"x":1.8915481567382813,"y":5.49393892288208,"z":-14.447587013244629},"rotation":{"x":-0.028346803039312364,"y":0.5246102809906006,"z":-0.017481088638305665,"w":-0.8506909012794495},"size":23.334531784057618,"orthographic":false}