{"cameraMode":{"drawMode":0,"name":"Shaded","section":"Shading Mode"},"sceneLighting":true,"audioPlay":false,"sceneViewState":{"showFog":true,"showMaterialUpdate":false,"showSkybox":true,"showFlares":true,"showImageEffects":true,"showParticleSystems":true},"in2DMode":false,"pivot":{"x":-0.08767318725585938,"y":-2.230952262878418,"z":-9.707374572753907},"rotation":{"x":-0.05782982334494591,"y":0.5488755106925964,"z":-0.038103457540273669,"w":-0.8330304026603699},"size":29.39375114440918,"orthographic":false}